Samples,Couple ID,Visit number,Date of visit,Age,Ethnicity,Height,Weight,BMI,Occupation,Age_left_fulltime_eduation,Highest_Education,Prudent_diet_score,Alcohol_consumption,Alcohol_consumption_in_days_per_week,Alcohol_units_consumed_per_week,Caffine_consumption,Caffine_consumption_days_per_week,Caffeine_consumed_per_day_mg,Exercise_regularly,Type_of_exercise,Hours_of_exercise_per_week,Smoke,Hours_spent_outside_on_average_weekday,Hours_spent_outside_on_average_weekend,Average_hours_spent_outside_on_a_day,Suncream_usage_in_last_month,high_stress_last_month,Reason_stress,Group,Method_of_ART,Volume_of_semen_produced_mL,Was_there_liquefaction,Was_the_sample_viscous,Sperm_concentration_million_per_ml,Percentage_of_sperm_motile_%,Percentage_of_sperm_progressively_motile_%,Percentage_of_sperm_with_normal_morphology_%,Percentage_of_antisperm_antibody_IgG_binding,Percentage_of_aggregation_and_agglutination,Average_Sperm_Percent_Damage_%,Concentration_of_25OHD2_in_blood_serum_nmol_L,Concentration_of_25OHD3_in_blood_serum_nmol_L,Total_concentration_of_Vitamin_D_in_blood_serum_nmol_L,EPA_in_RBC_%,DHA_in_RBC_%,EPA_in_Seminal_Fluid_%,DHA_in_Seminal_Fluid_%,EPA_in_Sperm%,DHA_in_Sperm_%
1,1,2,25-Mar-14,35.03,White,1.8,78,24.07,Soldier,17,A levels/ City & Guilds/ EN(G)/ ONC/ NNEB/ BTech (day release)/ NVQ3/ Advanced GNVQ/OND/HNC,-0.67,yes,4,10,yes,7,432,daily,Running/circuit training,9,no,2,2,2,0,yes,Instructing on a military exercise,placebo,IVF,5.9,Yes,No,25,54,42,11,54,5,NA,0,51,51,0.892946,3.918003,0.053827,11.029632,NA,NA
2,1,4,2-May-14,35.23,White,1.56,81.8,33.61,Soldier,18,A levels/ City & Guilds/ EN(G)/ ONC/ NNEB/ BTech (day release)/ NVQ3/ Advanced GNVQ/OND/HNC,0.17,yes,4,6,yes,7,594,three - six times a week,"CV, circuit training",3.5,no,5,3,4.4,0,yes,Work,placebo,IVF,2.1,Yes,No,52,51,40,9,15,30,NA,0,64,64,0.799398,3.252003,0.130487,12.100665,NA,NA
3,3,2,11-Apr-14,30.86,White,1.92,72,19.5,Doctor,30,Degree/ NVQ5,1.04,yes,2,10,yes,4,154,three - six times a week,"Squash, walking",5,never,1.5,3,1.9,0,yes,Exams for MSc,treatment,IVF-ICSI,3.4,Yes,No,10,48,33,5,10,0,NA,0,29,29,0.784874,5.908525,0.123572,6.389427,0.030585,17.424995
4,3,4,26-Jun-14,31.07,White,1.92,72,19.5,Doctor,30,Degree/ NVQ5,-0.07,yes,1,4,yes,6,154,one - two times a week,Squash,4,never,2,3.5,2.4,0,yes,MSc thesis and professioN/Al exams,treatment,IVF-ICSI,3.9,Yes,No,8,50,32,3,NA,5,NA,0,97,97,3.047089,8.540245,0.233229,8.849413,0.067475,3.078818
5,4,2,25-Apr-14,31.41,White,1.85,81.9,23.93,"Company director, developer",15,"O levels/ Matric/ GCSE grade A,B,C/ RSA secretarial/ NVQ2/Intermediate GNVQ",-0.95,yes,4,20,yes,7,268,daily,"Physical, work",30,never,6,8,6.6,0,no,N/A,treatment,IVF-ICSI,3,Yes,No,6,36,20,2,NA,NA,NA,0,93,93,0.843455,2.764484,0.077736,3.031112,0.076373,2.719505
6,4,4,9-Jun-14,31.54,White,1.85,83.1,24.28,Director (builder),15,"O levels/ Matric/ GCSE grade A,B,C/ RSA secretarial/ NVQ2/Intermediate GNVQ",-0.06,yes,3,10,yes,7,84,three - six times a week,Physical work,25,never,7,10,7.9,0,no,N/A,treatment,IVF-ICSI,4.1,Yes,No,16,31,12,3,15,5,NA,0,114,114,2.412526,5.391901,0.108306,4.389539,0.105538,0.746684
7,5,2,29-Apr-14,35.64,White,1.8,79.5,24.54,IT manager,21,Degree/ NVQ5,-0.64,yes,1,4,yes,7,216,three - six times a week,"cycling, weight",8.5,never,1,15,5,0,no,N/A,placebo,IVF,4.2,Yes,No,22,67,57,16,1,0,NA,0,83,83,0.714282,5.671094,0.049282,5.04282,0.035724,18.873987
8,5,4,16-Jul-14,35.85,White,1.8,75.4,23.27,IT manager,21,Degree/ NVQ5,0.37,no,N/A,N/A,yes,7,216,three - six times a week,Cycling,8,never,10,8,9.4,1,yes,Work restructure,placebo,IVF,3.3,Yes,No,47,55,47,7,15,5,NA,0,90,90,0.836388,6.694451,0.062769,6.366888,0.069996,19.587342
9,6,2,2-May-14,40.38,White,1.74,73.4,24.24,Quality manager,16,HND/ RGN/ Teaching Cert/ NVQ4,-0.18,yes,missing,1,yes,5,77,three - six times a week,"gym, cycling",4,no,2,5,2.9,0,no,N/A,treatment,IVF-ICSI,3.3,Yes,No,54,58,51,17,78,20,NA,0,73,73,0.977689,5.845396,0.139274,7.36786,0.052697,32.522326
10,6,4,23-Jul-14,40.6,White,1.74,75,24.77,Quality manager,16,A levels/ City & Guilds/ EN(G)/ ONC/ NNEB/ BTech (day release)/ NVQ3/ Advanced GNVQ/OND/HNC,-0.44,no,N/A,N/A,yes,4,62,three - six times a week,"Cardio, weights",1,no,1,4,1.9,1,no,N/A,treatment,IVF-ICSI,3.4,Yes,Yes,40,63,54,10,15,30,NA,0,101,101,2.812222,9.161742,0.211628,15.853929,0.073706,25.163229
11,7,2,9-May-14,27.18,White,1.72,79.2,26.77,Data Technician,21,A levels/ City & Guilds/ EN(G)/ ONC/ NNEB/ BTech (day release)/ NVQ3/ Advanced GNVQ/OND/HNC,-1.13,yes,3,20,yes,6,missing,once every two weeks,Walking,4,no,10,12,10.6,0,yes,Work,treatment,IVF,2,Yes,No,87,52,43,10,2,10,NA,0,66,66,0.769028,3.697094,0.13867,8.355511,NA,NA
12,7,4,20-Oct-14,27.63,White,1.73,80.44,26.8,Structural cable engineer,20,A levels/ City & Guilds/ EN(G)/ ONC/ NNEB/ BTech (day release)/ NVQ3/ Advanced GNVQ/OND/HNC,-0.8,yes,3,30,yes,6,60,three - six times a week,"Work, cardio, strength",40,no,18,10,15.7,0,yes,IVF and work,treatment,IVF,1.5,Yes,Yes,67,51,38,7,15,15,NA,0,79,79,1.730143,6.541753,0.14421,14.063096,NA,NA
13,8,2,28-May-14,41.5,White,1.8,71.3,22.01,Taxi driver,18,A levels/ City & Guilds/ EN(G)/ ONC/ NNEB/ BTech (day release)/ NVQ3/ Advanced GNVQ/OND/HNC,-0.18,yes,2,20,yes,7,24,one - two times a week,"Badminton, cycling",2.5,never,4,6,4.6,14,no,N/A,treatment,IVF,2.7,Yes,No,59,50,42,11,55,30,NA,0,100,100,0.768396,4.1664,0.25383,14.414798,0.043103,25.346837
14,8,4,28-Jul-14,41.68,White,1.8,71.3,22.01,Taxi driver,19,A levels/ City & Guilds/ EN(G)/ ONC/ NNEB/ BTech (day release)/ NVQ3/ Advanced GNVQ/OND/HNC,-0.45,yes,2,12,yes,7,106,one - two times a week,"Badminton, cycling",3,never,5,12,7,10,no,N/A,treatment,IVF,3.6,Yes,No,108,58,49,19,15,5,NA,0,120,120,2.478233,7.946749,0.076615,4.339484,0.132807,30.870329
15,9,2,27-May-14,33.73,White,1.91,97.3,26.67,Roofer,16, GCSE grade D or lower/ NVQNone/ Foundation GNVQ,1.22,yes,1,1,yes,7,84,daily,Walking,10,no,10,10,10,4,no,N/A,placebo,IVF,3.2,Yes,No,57,52,41,18,5,5,NA,0,86,86,0.673787,3.237533,0.046884,5.948177,0.033077,27.157762
16,9,4,20-Aug-14,33.96,White,1.91,94,25.8,Roofer,16, GCSE grade D or lower/ NVQNone/ Foundation GNVQ,-0.43,no,N/A,N/A,yes,5,150,daily,Climbing ladders,30,no,8,10,8.6,0,no,N/A,placebo,IVF,4.5,Yes,No,75,47,47,3,NA,NA,NA,0,111,111,0.642909,3.599444,0.070879,13.039447,0.035729,29.027995
17,10,2,10-Jul-14,28.34,White,1.83,86,25.68,Engineer,16,A levels/ City & Guilds/ EN(G)/ ONC/ NNEB/ BTech (day release)/ NVQ3/ Advanced GNVQ/OND/HNC,-0.64,yes,3,30,yes,7,75,one - two times a week,"Gym, sport",10,no,15,15,15,3,no,N/A,placebo,IVF-ICSI,3.6,Yes,Yes,34,60,46,12,6,20,NA,0,122,122,0.968245,3.790712,0.04079,10.72103,NA,NA
18,10,4,10-Sep-14,28.51,White,1.83,86,25.68,Offshore engineer,16,A levels/ City & Guilds/ EN(G)/ ONC/ NNEB/ BTech (day release)/ NVQ3/ Advanced GNVQ/OND/HNC,-0.56,yes,2,10,yes,7,108,three - six times a week,Golf/gym,10,no,12,12,12,0,no,N/A,placebo,IVF-ICSI,3.2,Yes,Yes,14,52,42,9,15,20,NA,0,89,89,0.825262,3.914963,0.136552,4.702396,NA,NA
19,11,2,11-Jul-14,34.63,White,1.81,82.7,25.2,Finance,16,A levels/ City & Guilds/ EN(G)/ ONC/ NNEB/ BTech (day release)/ NVQ3/ Advanced GNVQ/OND/HNC,0.42,yes,1,2,yes,5,54,one - two times a week,"Running, cycling",3.5,never,4,4,4,0,no,N/A,treatment,IVF,6.5,Yes,No,28,48,41,3,0,10,NA,0,89,89,1.35091,6.821626,0.152128,8.513075,0.038463,17.403189
20,11,4,22-Aug-14,34.75,White,1.83,81,24.19,Finance,18,A levels/ City & Guilds/ EN(G)/ ONC/ NNEB/ BTech (day release)/ NVQ3/ Advanced GNVQ/OND/HNC,0.72,no,N/A,N/A,yes,6,64,one - two times a week,"Running, cycling",3.5,never,3,6,3.9,0,no,N/A,treatment,IVF,2.4,Yes,No,51,34,34,2,15,NA,NA,0,93,93,2.232277,7.944604,0.155629,4.577922,0.068314,28.081273
21,12,2,16-Jul-14,29.09,White,1.79,105.9,33.05,Asbestos remover,16, GCSE grade D or lower/ NVQNone/ Foundation GNVQ,-0.09,yes,1,6,yes,5,193,once every two weeks,Football,1,no,10,4,8.3,0,no,N/A,treatment,IVF,3.7,Yes,No,6,31,12,22,NA,30,NA,0,93,93,0.861427,3.766564,0.217703,6.308936,0.087737,2.811109
22,12,4,22-Oct-14,29.36,White,1.8,104,32,Asbestos remover,16, GCSE grade D or lower/ NVQNone/ Foundation GNVQ,-0.35,no,N/A,N/A,yes,3,46,daily,Cardio,7,no,8,10,8.6,0,no,N/A,treatment,IVF,4.5,Yes,No,14,59,39,19,95,60,NA,0,82,82,2.169637,8.225944,0.120524,6.519069,0.157464,0.875495
23,13,2,16-Jul-14,37.76,White,1.7,73,25.2,Engineer,22,Degree/ NVQ5,-0.58,yes,1,2,yes,3,32,never,Walking at work,3,never,10,0,7.1,0,no,N/A,placebo,IVF,2.5,Yes,Yes,22,63,48,12,4,30,NA,0,39,39,1.095325,6.640037,0.140562,6.857594,0.03102,23.655734
24,13,4,3-Oct-14,37.97,White,1.7,75,25.9,Mechanical engineer,23,A levels/ City & Guilds/ EN(G)/ ONC/ NNEB/ BTech (day release)/ NVQ3/ Advanced GNVQ/OND/HNC,0.81,yes,1,4,yes,3,47,never,Walking at work,3,never,3,2,2.7,0,no,N/A,placebo,IVF,2.9,Yes,Yes,50,67,55,15,15,30,NA,0,60,60,2.281492,6.696414,0.056351,11.359907,0.036205,24.079513
25,14,2,21-Jul-14,35.11,White,1.85,108,31.56,SME supply chain coordinator,20,Degree/ NVQ5,0.24,yes,2,4,yes,7,266,one - two times a week,"Running, football",5,no,2,4,2.6,2,yes,Change of job role,placebo,IVF,3.3,Yes,Yes,43,36,26,2,16,50,NA,0,98,98,0.51868,3.574483,0.037735,13.610235,0.043453,10.360164
26,14,4,29-Sep-14,35.3,White,1.85,107,31.2,Supply chain SME,21,HND/ RGN/ Teaching Cert/ NVQ4,-0.39,yes,2,4,yes,7,216,one - two times a week,Running/walking,2,no,3,5,3.6,0,no,N/A,placebo,IVF,2.6,Yes,Yes,68,42,36,6,NA,NA,NA,0,96,96,0.57386,4.314021,0.123584,10.596242,0.076225,11.828534
27,15,2,25-Jul-14,32.11,White,1.78,82,25.88,Estate agent,18,HND/ RGN/ Teaching Cert/ NVQ4,0.56,yes,1,4,yes,1,5,daily,Walking,5,never,8,8,8,14,no,N/A,treatment,IVF,4.6,Yes,Yes,40,31,23,17,18,50,NA,0,104,104,0.651314,4.072171,0.259075,6.480706,NA,NA
28,15,4,8-Oct-14,32.32,White,1.78,77.2,24.4,Estate agent,20,HND/ RGN/ Teaching Cert/ NVQ4,0.52,yes,1,2,yes,1,6,one - two times a week,Running,2,never,2,2,2,0,yes,IVF procedure,treatment,IVF,2.4,Yes,Yes,74,52,38,22,15,NA,NA,0,78,78,2.2851,6.337223,0.087315,13.26267,NA,NA
29,16,2,5-Aug-14,44.14,White,1.78,100,31.56,Student hall manager,16, GCSE grade D or lower/ NVQNone/ Foundation GNVQ,-0.21,yes,1,4,yes,7,108,once every two weeks,"Walking, cycling",6,never,5,16,8.1,15,no,N/A,placebo,IVF,3.1,Yes,Yes,97,65,52,6,10,10,NA,0,83,83,1.045104,5.163261,0.066529,8.053621,0.02327,25.044996
30,16,4,15-Sep-14,44.25,White,1.78,103,32.51,Hall manager,16, GCSE grade D or lower/ NVQNone/ Foundation GNVQ,0.33,yes,1,8,yes,7,108,once a month,Golf,6,never,3,10,5,0,no,N/A,placebo,IVF,2.4,Yes,Yes,50,65,65,7,NA,NA,NA,0,68,68,0.959095,5.721882,0.047075,8.881469,0.049756,10.112617
31,17,2,5-Sep-14,41.21,White,1.86,71,20.5,Electronics technician,21,HND/ RGN/ Teaching Cert/ NVQ4,0.36,no,N/A,N/A,yes,7,108,three - six times a week,"Weight training, cardio",4,no,2,4,2.6,0,yes,Death of family member,placebo,N/A,2.2,Yes,No,73,40,32,13,1,5,NA,0,42,42,0.599723,3.795894,0.163275,4.983558,NA,NA
32,17,4,21-Oct-14,41.36,White,1.89,79.8,28.6,Electronics technician,21,Degree/ NVQ5,-0.62,no,N/A,N/A,yes,7,154,three - six times a week,Weight training and treadmill,3.5,no,1,4,1.9,0,no,N/A,placebo,N/A,2.3,Yes,No,95,48,39,16,15,10,NA,0,36,36,0.642526,3.629,0.366208,6.525965,NA,NA
33,18,2,15-Sep-14,39.29,White,1.66,85.9,31.17,Groundsman,16,A levels/ City & Guilds/ EN(G)/ ONC/ NNEB/ BTech (day release)/ NVQ3/ Advanced GNVQ/OND/HNC,-1.19,yes,1,7,yes,7,648,one - two times a week,"Walking, lifting weights",4,no,8,4,6.9,2,no,N/A,treatment,IVF,6,Yes,No,63,55,51,7,0,NA,NA,0,92,92,1.019503,3.472997,0.183337,4.72301,0.047841,22.683069
34,18,4,16-Jan-15,39.63,White,1.67,90.3,32.4,Groundsman,16,A levels/ City & Guilds/ EN(G)/ ONC/ NNEB/ BTech (day release)/ NVQ3/ Advanced GNVQ/OND/HNC,0.4,yes,2,8,yes,7,756,one - two times a week,Walking,1.5,no,2,3,2.3,0,no,N/A,treatment,IVF,3.1,Yes,No,42,66,59,4,15,NA,NA,0,142,142,2.948525,7.804135,0.148995,3.842368,0.108662,15.425237
35,19,2,19-Sep-14,51.53,White,1.77,92.1,29.4,Local government manager,27,Degree/ NVQ5,1.55,yes,2,4,yes,5,250,once every two weeks,Football,1,no,0.8,2.5,1.3,3,yes,Work restructure,placebo,IVF,3.2,Yes,No,19,51,41,8,7,30,NA,0,71,71,1.162225,5.680559,0.04981,10.376915,0.073896,1.450617
36,19,4,7-Nov-14,51.66,White,1.77,90.2,28.7,Town planner,27,Degree/ NVQ5,0.13,yes,1,2,yes,2,32,one - two times a week,"Football, walking",4,no,1.5,2,1.6,0,no,N/A,placebo,IVF,3.8,Yes,No,20,63,52,13,15,5,NA,0,78,78,1.080592,5.700847,0.040328,8.399024,0.137202,5.425144
37,20,2,19-Sep-14,37.85,White,1.73,97.8,32.68,Shop owner,26,Degree/ NVQ5,-0.24,yes,7,14,yes,2,31,three - six times a week,Manual labour,0.5,no,1,4,1.9,7,no,N/A,placebo,IVF,2.1,Yes,No,79,52,45,26,16,10,NA,0,101,101,0.674088,3.281763,0.100074,9.485182,0.033238,30.939527
38,20,4,26-Nov-14,38.04,White,1.73,98.6,32.9,Business owner,26,Degree/ NVQ5,0.31,yes,4,16,yes,1,108,one - two times a week,Weights,1,no,0.5,1,0.6,0,no,N/A,placebo,IVF,2.9,Yes,No,72,71,63,11,15,5,NA,0,48,48,0.601583,3.554487,0.184779,9.001271,0.0334,23.122798
39,21,2,3-Oct-14,32.57,White,1.65,88,32.3,Musician,17, GCSE grade D or lower/ NVQNone/ Foundation GNVQ,0.94,yes,1,2,yes,7,324,one - two times a week,"Yoga, gym, cardio",2,no,6,6,6,0,no,N/A,treatment,IVF,4.5,Yes,No,65,60,51,13,8,10,NA,6,80,86,0.633163,3.827626,0.066072,8.346532,0.095952,9.776482
40,21,4,8-Dec-14,32.76,White,1.65,88,32.3,Musician,18, GCSE grade D or lower/ NVQNone/ Foundation GNVQ,1,yes,1,2,yes,7,216,one - two times a week,"Cardio, weights, yoga",4,no,1,3,1.6,0,yes,IVF,treatment,IVF,6.8,Yes,No,41,60,53,16,15,5,NA,6,91,97,2.36101,7.061306,0.096076,17.799868,0.107606,19.919633
41,22,2,9-Jan-15,24.91,White,1.79,68.3,21.3,Management of fuel distribution,17,A levels/ City & Guilds/ EN(G)/ ONC/ NNEB/ BTech (day release)/ NVQ3/ Advanced GNVQ/OND/HNC,1.16,no,N/A,N/A,yes,5,154,three - six times a week,"Cardio, freestyle BMX",13,no,4,4,4,0,no,N/A,treatment,IVF,2.6,Yes,Yes,100,57,50,7,13,30,NA,6,30,36,0.665965,3.248911,0.08322,8.078956,0.049326,22.873529
42,22,4,22-Apr-15,25.19,White,1.79,68.03,21.2,Supervisor,17,A levels/ City & Guilds/ EN(G)/ ONC/ NNEB/ BTech (day release)/ NVQ3/ Advanced GNVQ/OND/HNC,1.04,no,N/A,N/A,yes,5,70,three - six times a week,Cardio/resistance (BMX sports),16,no,4,8,5.1,0,no,N/A,treatment,IVF,2.6,Yes,Yes,82,57,44,5,15,15,NA,0,159,159,1.95462,5.58947,0.067011,6.137142,0.066316,21.676678
43,23,2,12-Jan-15,41.21,White,1.78,83,26.2,Teacher,24,Other,-1.07,no,N/A,N/A,yes,1,9,once a month,Gym,0.3,never,1,6,2.4,0,no,N/A,placebo,IVF,2,Yes,No,20,24,11,2,0,0,NA,0,66,66,0.909076,4.740397,0.091273,11.477929,NA,NA
44,23,4,25-Feb-15,41.33,White,1.78,83,26.2,Teacher,25,Other,1.08,no,N/A,N/A,yes,2,12,three - six times a week,Gym,0.5,never,2,7,3.4,0,no,N/A,placebo,IVF,2.7,Yes,No,29,43,33,4,15,NA,NA,6,61,67,1.047788,4.528023,0.069048,14.500459,NA,NA
45,25,2,20-Jan-15,41.42,White,1.8,139.9,43.1,Air traffic controller,26,A levels/ City & Guilds/ EN(G)/ ONC/ NNEB/ BTech (day release)/ NVQ3/ Advanced GNVQ/OND/HNC,-0.52,no,N/A,N/A,yes,7,300,one - two times a week,"Walking, weights",2,no,0.5,1,0.6,0,yes,Job,placebo,IVF-ICSI,1.8,Yes,Yes,29,51,39,10,3,30,NA,0,21,21,0.889596,4.357027,0.103984,6.2287,NA,NA
46,25,4,13-Apr-15,41.65,White,1.8,125,38.5,Air traffic controller,15,A levels/ City & Guilds/ EN(G)/ ONC/ NNEB/ BTech (day release)/ NVQ3/ Advanced GNVQ/OND/HNC,-0.67,no,N/A,N/A,yes,7,432,one - two times a week,"Walking, weights",3,no,1.5,1.5,1.5,0,yes,Job,placebo,IVF-ICSI,1.9,Yes,Yes,40,34,16,6,15,50,NA,5,26,31,0.888133,4.26026,0.160652,9.979507,NA,NA
47,26,2,2-Feb-15,41.92,White,1.88,105,29.7,Web designer,18,A levels/ City & Guilds/ EN(G)/ ONC/ NNEB/ BTech (day release)/ NVQ3/ Advanced GNVQ/OND/HNC,-0.3,yes,1,5,yes,7,540,one - two times a week,Cardio and weights,6,no,1,5,2.1,1,no,N/A,treatment,IVF,2.8,Yes,No,26,35,25,2,5,0,15.34,NA,NA,NA,0.804339,4.442495,0.126165,4.93677,NA,NA
48,26,4,1-Apr-15,42.08,White,1.88,106.7,30.1,Web developer,16,"O levels/ Matric/ GCSE grade A,B,C/ RSA secretarial/ NVQ2/Intermediate GNVQ",0.24,yes,1,4,yes,7,486,one - two times a week,"Gym, weight, aerobics",4,no,2.5,2,2.4,0,no,N/A,treatment,IVF,2.7,Yes,No,24,34,34,3,15,5,37.78,0,159,159,1.79537,6.893378,0.095453,6.899752,NA,NA
49,27,2,4-Feb-15,43.04,White,1.71,95.2,32.5,NHS support coordinator,16,A levels/ City & Guilds/ EN(G)/ ONC/ NNEB/ BTech (day release)/ NVQ3/ Advanced GNVQ/OND/HNC,-0.86,yes,1,2,yes,7,105,daily,Walking,7,no,5,2,4.1,4,no,N/A,treatment,IVF-ICSI,3.2,Yes,Yes,13,50,33,6,NA,20,NA,0,16,16,1.173516,4.436059,0.044078,10.367249,0.140759,4.930486
50,27,4,16-Mar-15,43.15,White,1.71,95.2,32.5,NHS support coordintor,16,A levels/ City & Guilds/ EN(G)/ ONC/ NNEB/ BTech (day release)/ NVQ3/ Advanced GNVQ/OND/HNC,-0.32,yes,1,2,yes,7,105,daily,Walking,5,no,10,2,7.7,0,yes,Job related,treatment,IVF-ICSI,5.3,Yes,Yes,4,55,45,NA,NA,5,NA,0,148,148,1.926987,6.237174,0.048827,8.58737,0.062296,2.032194
51,28,2,23-Feb-15,38.83,White,1.88,94.5,26.7,civil engineer,21,Degree/ NVQ5,-0.55,yes,2,8,yes,7,324,one - two times a week,Cycling and walking,3,no,2,4,2.6,0,no,N/A,placebo,IVF,4.9,Yes,No,60,53,45,8,20,10,28.32,0,48,48,0.760567,3.392996,0.05107,12.801306,0.026257,28.635974
52,28,4,1-May-15,38.97,White,1.9,92.6,25.6,Civil engineer,21,Degree/ NVQ5,0.25,yes,2,4,yes,7,324,once every two weeks,Cycling/walking,1,no,1,2,1.3,0,no,N/A,placebo,IVF,5,Yes,No,86,57,48,8,15,15,24.31,5,88,93,0.800211,3.673333,0.042796,13.331463,0.030401,25.586506
53,29,2,9-Mar-15,36.05,White,1.58,64.9,26,Senior estimator,19,A levels/ City & Guilds/ EN(G)/ ONC/ NNEB/ BTech (day release)/ NVQ3/ Advanced GNVQ/OND/HNC,-1.12,yes,2,6,yes,7,450,once a month,na,0,no,1,5,2.1,0,no,N/A,placebo,IVF,5,Yes,Yes,49,54,45,16,31,5,38.03,0,22,22,0.776585,3.170486,0.069061,10.354226,0.022122,20.454692
54,29,4,30-Jul-15,36.44,White,1.58,65.1,26.1,Estimating manager,19,A levels/ City & Guilds/ EN(G)/ ONC/ NNEB/ BTech (day release)/ NVQ3/ Advanced GNVQ/OND/HNC,-0.63,yes,1,5,yes,7,15,once a month,Walking,4,no,2,8,3.7,0,no,N/A,placebo,IVF,3.8,Yes,No,46,63,56,7,NA,NA,26.72,0,63,63,0.751524,3.026708,0.17162,11.738911,0.116966,6.86031
55,30,2,16-Mar-15,37.48,White,1.78,71.5,22.6,IT manager,23,Degree/ NVQ5,-0.61,yes,2,12,yes,7,516,three - six times a week,"Rowing, walking",4,never,2,3,2.3,0,no,N/A,treatment,Both,2,Yes,No,71,66,58,14,8,10,36.84,0,23,23,0.930923,4.913538,0.127036,6.099446,NA,NA
56,30,4,6-May-15,37.62,White,1.78,70.2,22.2,IT manager,23,Degree/ NVQ5,-0.61,yes,3,5,yes,7,450,three - six times a week,"Walking, rowing",8,never,3,3,3,0,yes,IVF,treatment,Both,2,Yes,Yes,64,57,46,15,15,20,35.6,0,187,187,2.9486,8.454305,0.192464,13.314477,NA,NA
57,31,2,16-Mar-15,37.36,White,1.8,92,28.4,Police officer,16,"O levels/ Matric/ GCSE grade A,B,C/ RSA secretarial/ NVQ2/Intermediate GNVQ",-0.46,yes,3,25,yes,7,270,three - six times a week,"Cardiovascular (running, bike, rugby)",5,never,8,8,8,0,no,N/A,treatment,IVF,5.3,Yes,No,9,45,36,11,6,5,19.37,0,47,47,0.98447,3.155856,0.120648,11.462477,0.092665,14.432567
58,31,4,27-May-15,37.55,White,1.8,95.1,29.4,Police officer,16,"O levels/ Matric/ GCSE grade A,B,C/ RSA secretarial/ NVQ2/Intermediate GNVQ",0.51,yes,2,25,yes,7,324,three - six times a week,CV (running),6,never,4,7,4.9,0,no,N/A,treatment,IVF,5.9,Yes,Yes,22,43,32,9,15,20,21.49,0,204,204,2.087919,5.48174,0.068359,9.066475,0.186223,1.582791
59,32,2,24-Mar-15,29.08,White,1.72,70.6,23.9,Sawmill production manager,19,A levels/ City & Guilds/ EN(G)/ ONC/ NNEB/ BTech (day release)/ NVQ3/ Advanced GNVQ/OND/HNC,-1.53,yes,2,6,yes,7,105,three - six times a week,manual labour,10,never,8,4,6.9,0,no,N/A,placebo,IVF-ICSI,1.8,Yes,Yes,4,40,17,NA,NA,10,46.5,0,43,43,0.819422,3.915091,0.035225,8.29637,NA,NA
60,32,4,19-Jun-15,29.32,White,1.72,69.8,23.6,Production manager,19,A levels/ City & Guilds/ EN(G)/ ONC/ NNEB/ BTech (day release)/ NVQ3/ Advanced GNVQ/OND/HNC,-0.28,yes,2,6,yes,7,126,three - six times a week,Manual labour,10,never,4,4,4,0,no,N/A,placebo,IVF-ICSI,2.5,Yes,Yes,8,16,2,4,NA,50,40.4,5,70,75,0.625965,3.821894,0.028445,5.75379,NA,NA
61,33,2,2-Apr-15,31.05,White,1.73,82.6,27.5,Making PVC windows,16,"O levels/ Matric/ GCSE grade A,B,C/ RSA secretarial/ NVQ2/Intermediate GNVQ",-1.19,yes,2,12,yes,3,69,one - two times a week,Boxing,1.5,no,1,6,2.4,0,no,N/A,placebo,IVF,3.5,Yes,No,46,54,39,8,30,10,28.55,0,72,72,0.47329,3.47818,0.070872,15.838256,0.04327,23.618662
62,33,4,17-Jun-15,31.26,White,1.75,82.6,26.9,Window maker,16, GCSE grade D or lower/ NVQNone/ Foundation GNVQ,-0.99,yes,1,8,yes,1,34,once every two weeks,Boxing,1,no,2,8,3.7,0,no,N/A,placebo,IVF,4.9,Yes,Yes,48,51,39,6,15,15,20.27,0,80,80,0.534273,3.539901,0.058815,16.325126,0.060267,23.101161
63,34,2,14-Apr-15,31.58,White,1.74,68.6,22.6,Warehouse supervisor,17,"O levels/ Matric/ GCSE grade A,B,C/ RSA secretarial/ NVQ2/Intermediate GNVQ",-0.35,yes,2,4,yes,5,116,never,na,0,no,4,6,4.6,0,no,N/A,placebo,IVF,2.6,Yes,Yes,72,46,31,3,30,60,20.07,0,67,67,0.846137,4.505212,0.232095,8.508163,0.024334,15.048622
64,34,4,19-Jun-15,31.76,White,1.7,69.3,24,Warehouse supervisor,16,"O levels/ Matric/ GCSE grade A,B,C/ RSA secretarial/ NVQ2/Intermediate GNVQ",-0.37,yes,2,10,yes,6,293,never,na,0,no,6,5,5.7,0,no,N/A,placebo,IVF,3.5,Yes,Yes,72,49,40,4,15,30,22.21,0,52,52,0.80027,3.506694,0.513296,13.044638,0.069168,9.370832
65,35,2,16-Apr-15,37.26,White,1.75,70.5,23,General manager,18,Other,-0.29,yes,3,14,yes,2,225,three - six times a week,Gym and football,4.5,never,0.5,5,1.8,0,yes,High pressure job,treatment,IVF,5.7,Yes,Yes,34,50,31,6,43,15,33.57,0,26,26,0.957222,4.918878,0.143764,9.247224,0.120995,3.998792
66,35,4,15-Jun-15,37.43,White,1.75,70,22.9,General manager,19,Other,0.9,yes,2,12,yes,5,206,three - six times a week,Gym and football,5,never,1,3,1.6,9,no,N/A,treatment,IVF,6.5,Yes,Yes,48,49,32,7,15,20,30.06,0,204,204,2.995318,7.382976,0.246395,12.359296,0.122646,11.106926
67,36,2,20-Apr-15,29.04,White,1.69,87.3,30.5,Warehouse person/delivery driver,17, GCSE grade D or lower/ NVQNone/ Foundation GNVQ,1.23,yes,3,16,yes,7,84,three - six times a week,"Running, football",3,no,5,5,5,0,no,N/A,treatment,IVF,5.7,Yes,Yes,76,56,48,14,27,10,23.63,0,79,79,1.83303,6.694471,0.191791,14.225945,0.059538,33.733256
68,36,4,6-Jun-15,29.17,White,1.7,87.6,30.3,Warehousing/driver,18, GCSE grade D or lower/ NVQNone/ Foundation GNVQ,0.35,yes,3,20,yes,7,105,three - six times a week,Running and weights,3,no,2,5,2.9,2,yes,IVF and moving home,treatment,IVF,3.7,Yes,No,77,62,58,7,NA,NA,23.07,0,188,188,3.389188,7.531939,0.122002,14.224189,0.116382,33.36156
69,37,2,27-Apr-15,41.26,White,1.74,102.2,33.7,Electronic engineer,21,Degree/ NVQ5,-0.85,yes,2,24,yes,7,378,one - two times a week,"Walking, gardening, cross training",3,no,1.5,4,2.2,15,no,N/A,treatment,IVF,1.9,Yes,Yes,39,54,39,2,10,60,NA,0,71,71,1.610849,4.899388,0.08004,21.452783,NA,NA
70,37,4,23-Jul-15,41.5,White,1.73,98.88,33,Electronic engineer,21,Degree/ NVQ5,0.04,yes,2,28,yes,7,312,one - two times a week,"Sailing, cross training, walking",3,no,2,4,2.6,5,no,N/A,treatment,IVF,2.1,No,No,76,41,26,5,NA,NA,NA,0,66,66,1.765348,5.154397,0.174249,12.893981,NA,NA
71,38,2,8-May-15,39.04,White,1.73,72.2,24.1,Quality Inspector,18, GCSE grade D or lower/ NVQNone/ Foundation GNVQ,0.06,yes,1,5,yes,5,324,one - two times a week,"Football, cycling",3,no,3,5,3.6,3,no,N/A,treatment,IVF,2.6,Yes,Yes,131,60,53,16,22,10,34.8,0,61,61,1.390542,6.798202,0.090599,7.319697,0.048497,27.509535
72,38,4,10-Aug-15,39.32,White,1.74,74,24.4,Quality Inspector,18,"O levels/ Matric/ GCSE grade A,B,C/ RSA secretarial/ NVQ2/Intermediate GNVQ",-0.32,yes,2,10,yes,5,309,one - two times a week,"Golf, 5 a side",8,no,4,8,5.1,4,no,N/A,treatment,IVF,3.4,Yes,No,87,56,44,12,15,NA,7.47,0,181,181,3.04489,8.290115,0.174729,6.924447,0.064171,8.268136
73,39,2,30-Apr-15,37.94,White,1.84,66,19.4,Graphic designer,24,Degree/ NVQ5,-0.08,yes,2,4,yes,7,648,daily,Walking,10,never,2.5,10,4.6,0,yes,Work related,treatment,IVF-ICSI,1.9,Yes,No,34,44,34,8,16,10,NA,0,79,79,0.736235,4.410743,0.124615,5.512913,NA,NA
74,39,4,12-Jun-15,38.06,White,1.84,65,19.2,Graphic designer,24,Degree/ NVQ5,1.26,yes,2,6,yes,7,432,daily,"Walking, gardening",7,never,2,6,3.1,0,yes,Work related,treatment,IVF-ICSI,1,Yes,Yes,20,46,30,11,15,5,30.73,0,188,188,2.241074,6.206759,0.065608,9.057851,NA,NA
75,40,2,7-May-15,35.39,White,1.7,72.57,25.1,Royal air force,19,HND/ RGN/ Teaching Cert/ NVQ4,-0.14,yes,1,4,no,N/A,N/A,three - six times a week,"Run, swim, bike, weights",5.3,no,1,3,1.6,0,no,N/A,placebo,IVF,1.7,Yes,No,49,71,66,9,5,5,NA,0,77,77,1.613367,4.683114,0.045324,7.739514,0.060899,19.316378
76,40,4,15-Jul-15,35.58,White,1.68,73.94,26.2,Royal air force,18,HND/ RGN/ Teaching Cert/ NVQ4,0.37,yes,1,4,yes,1,42,three - six times a week,"Run, swim, weights",8,no,2,5,2.9,0,yes,IVF,placebo,IVF,2.8,Yes,Yes,40,51,41,15,15,15,33.33,0,85,85,1.57467,4.965903,0.057453,11.46777,0.042283,4.671188
77,41,2,11-May-15,38.87,White,1.7,70.76,24.4,Off line CWC Programmer,15,A levels/ City & Guilds/ EN(G)/ ONC/ NNEB/ BTech (day release)/ NVQ3/ Advanced GNVQ/OND/HNC,3.45,yes,2,8,yes,5,108,daily,Cycle,8,no,2,6,3.1,0,no,N/A,placebo,IVF-ICSI,7.2,Yes,No,22,26,20,4,0,5,33.92,0,71,71,1.274439,5.63872,0.057201,10.971934,NA,NA
78,41,4,9-Sep-15,39.2,White,1.7,71,24.6,CNC Programmer,16,"O levels/ Matric/ GCSE grade A,B,C/ RSA secretarial/ NVQ2/Intermediate GNVQ",5.51,yes,2,6,yes,3,216,daily,Cycle,9.5,no,1.5,9,3.6,0,yes,Work,placebo,IVF-ICSI,6.4,Yes,No,23,50,27,8,15,0,40.45,0,101,101,1.444723,5.80643,0.019005,15.830206,NA,NA
79,42,2,11-May-15,32.19,White,1.8,82,25.3,Teacher,24,Degree/ NVQ5,-0.05,yes,1,5,yes,7,240,daily,"Running, cycling",10,never,2,5,2.9,0,no,N/A,placebo,IVF,0.8,Yes,No,79,59,51,14,1,15,21.78,5,51,56,0.75845,5.057177,0.049437,16.652275,NA,NA
80,42,4,22-Jun-15,32.31,White,1.83,83.2,24.8,Teacher,24,Other,0.3,yes,1,5,yes,7,234,three - six times a week,"Running, cycling",10,never,2,8,3.7,7,no,N/A,placebo,IVF,1.4,Yes,No,116,57,57,11,NA,NA,25.24,5,75,80,NA,NA,0.047525,12.908685,NA,NA
81,43,2,20-May-15,40.46,White,1.8,91,28,Graphic designer,23,HND/ RGN/ Teaching Cert/ NVQ4,0.14,yes,2,10,yes,7,432,one - two times a week,Weight training,3,never,1,6,2.4,6,no,N/A,placebo,IVF,3.5,Yes,Yes,64,60,53,13,7,20,NA,0,75,75,0.920533,6.31445,0.08302,10.642967,0.060435,28.015163
82,43,4,6-Jul-15,40.59,White,1.8,90,27.8,Graphic designer,23,HND/ RGN/ Teaching Cert/ NVQ4,0.45,yes,1,6,yes,7,270,one - two times a week,Weight training,2.5,never,1,3,1.6,6,no,N/A,placebo,IVF,3.8,Yes,Yes,44,44,35,15,15,20,25.02,0,75,75,1.028774,6.744934,0.254711,8.187741,0.065039,6.711624
83,44,2,21-May-15,38.59,Chinese,1.83,100,29.8,Quality controller for police,28,Degree/ NVQ5,0.2,yes,1,2,yes,1,6,never,na,0,never,0.5,2,0.9,30,yes,"IVF, remortgaging, kitchen work",treatment,IVF,4.9,Yes,Yes,57,42,34,9,3,50,33.59,0,12,12,0.969407,4.705738,0.042215,14.855025,0.024186,21.695814
84,44,4,12-Nov-15,39.07,Chinese,1.83,97.5,29.1,Quality controller,27,Degree/ NVQ5,0.44,no,N/A,N/A,yes,6,36,once every two weeks,Gardening,4,never,0,4,1.1,0,no,N/A,treatment,IVF,5.2,Yes,Yes,48,45,33,12,15,20,20.72,0,154,154,2.865142,7.774738,0.081211,9.982241,0.088521,22.585987
85,46,2,29-May-15,45.96,White,1.83,87,25.9,Yacht rigger,16,"O levels/ Matric/ GCSE grade A,B,C/ RSA secretarial/ NVQ2/Intermediate GNVQ",0.34,yes,4,11,yes,7,184,three - six times a week,Sailing,6,never,5,8,5.9,5,no,N/A,treatment,IVF,0.5,Yes,No,57,61,53,13,5,30,27.97,0,76,76,0.810974,4.185478,0.098477,9.14272,NA,NA
86,46,4,28-Oct-15,46.38,White,1.85,87,25.4,Yacht rigger,16,A levels/ City & Guilds/ EN(G)/ ONC/ NNEB/ BTech (day release)/ NVQ3/ Advanced GNVQ/OND/HNC,0.41,yes,2,12,yes,7,213,one - two times a week,Climbing and physical job,4,never,6,4,5.4,0,yes,Starting IVF,treatment,IVF,1.2,Yes,No,88,57,51,8,15,20,NA,0,205,205,2.39523,7.693395,0.044521,8.465047,NA,NA
87,47,2,24-Jun-15,41.16,White,1.8,67,20.6,Consultant engineer (mostly desk based),22,Degree/ NVQ5,1.17,yes,4,16,yes,7,390,three - six times a week,4hrs dancing and 16hr gardening,20,no,6,10,7.1,10,no,N/A,placebo,IVF,2.2,Yes,No,143,56,51,7,11,20,47.87,0,90,90,1.422407,4.640522,0.0684,17.936996,0.099059,10.004758
88,47,4,14-Aug-15,41.3,White,1.8,67,20.7,Consultant engineer,22,Other,0.4,yes,3,10,yes,7,336,three - six times a week,Dancing,16,no,2,8,3.7,4,no,N/A,placebo,IVF,2.6,Yes,No,108,46,37,14,15,5,35.64,0,98,98,1.284086,4.606187,0.151272,22.572834,0.060273,12.443148
89,48,2,6-Jul-15,40.76,White,1.83,95,28.3,Managing director - cleaning/flooring company,16, GCSE grade D or lower/ NVQNone/ Foundation GNVQ,1.08,yes,4,10,yes,7,540,daily,Walking and riding,10,no,2.5,4,2.9,0,no,N/A,treatment,IVF,4.1,Yes,Yes,69,56,44,8,8,10,26.11,0,61,61,0.8944,4.347359,0.025693,10.123273,0.043443,33.002242
90,48,4,18-Sep-15,40.96,White,1.83,98.9,29.5,MD Cleaning Company,16, GCSE grade D or lower/ NVQNone/ Foundation GNVQ,-1,yes,4,8,yes,7,648,one - two times a week,Walking,6,no,3,4,3.3,0,no,N/A,treatment,IVF,5.3,Yes,Yes,89,53,42,4,NA,NA,14.28,0,222,222,2.55494,7.665325,0.043078,14.933959,0.074606,25.467686
91,50,2,15-Jul-15,33.95,White,1.83,112,33.4,Fitness instructor,17,A levels/ City & Guilds/ EN(G)/ ONC/ NNEB/ BTech (day release)/ NVQ3/ Advanced GNVQ/OND/HNC,-0.53,no,N/A,N/A,yes,5,78,three - six times a week,Cardio/strength,1.5,never,1.5,4,2.2,0,no,N/A,placebo,IVF,4.9,Yes,Yes,53,52,37,8,12,20,43.95,0,57,57,0.884449,3.561115,0.172185,10.359841,0.038805,18.410125
92,50,4,16-Sep-15,34.12,White,1.84,126.6,37.3,Fitness instructor,17,A levels/ City & Guilds/ EN(G)/ ONC/ NNEB/ BTech (day release)/ NVQ3/ Advanced GNVQ/OND/HNC,-0.81,no,N/A,N/A,yes,5,68,three - six times a week,"Cardio, weights",9,never,2,4,2.6,0,no,N/A,placebo,IVF,5.2,Yes,Yes,39,44,31,5,15,20,37.04,5,52,57,0.826155,3.422172,0.068155,8.318576,0.108112,3.943421
93,51,2,20-Jul-15,44.48,White,1.75,92.5,30.2,Factory machine worker,16,"O levels/ Matric/ GCSE grade A,B,C/ RSA secretarial/ NVQ2/Intermediate GNVQ",0.4,no,N/A,N/A,yes,7,342,once a month,Occasional bike ride,0,never,0.3,2,0.8,0,no,N/A,placebo,IVF,3.1,Yes,Yes,24,57,44,14,11,15,32.17,0,74,74,0.567874,2.795327,0.159638,3.434508,0.074352,12.081228
94,51,4,11-Sep-15,44.63,White,1.78,93,29.3,Factory worker printing,16, GCSE grade D or lower/ NVQNone/ Foundation GNVQ,-1.5,no,N/A,N/A,yes,7,150,one - two times a week,General,1,never,7,4,6.1,0,no,N/A,placebo,IVF,2.5,Yes,No,86,43,35,5,15,10,32.6,6,52,58,0.759831,4.769254,0.355194,4.9395,0.045484,20.563271
95,52,2,21-Jul-15,27.61,White,1.75,76.66,25,Rigger,16,A levels/ City & Guilds/ EN(G)/ ONC/ NNEB/ BTech (day release)/ NVQ3/ Advanced GNVQ/OND/HNC,-0.28,yes,1,8,yes,7,162,three - six times a week,"Cycling, gym, jogging",4,never,12,12,12,7,no,N/A,treatment,IVF-ICSI,2.1,Yes,No,0.9,35,23,NA,NA,0,35.42,0,144,144,1.050578,4.949553,0.073166,9.226189,NA,NA
96,52,4,14-Sep-15,27.76,White,1.75,76,24.8,Rigger,16,A levels/ City & Guilds/ EN(G)/ ONC/ NNEB/ BTech (day release)/ NVQ3/ Advanced GNVQ/OND/HNC,-0.18,yes,1,4,yes,7,150,three - six times a week,"Cycling, gym",7,never,12,8,10.9,0,yes,"New job, IVF treatment",treatment,IVF-ICSI,2.5,Yes,No,1.7,46,21,NA,NA,NA,47.15,0,251,251,2.412034,8.005256,0.105125,4.575915,NA,NA
97,53,2,27-Jul-15,39.68,White,1.78,92.08,29.1,Procurement,19,A levels/ City & Guilds/ EN(G)/ ONC/ NNEB/ BTech (day release)/ NVQ3/ Advanced GNVQ/OND/HNC,-0.59,yes,2,6,yes,4,222,three - six times a week,"Gym, cardio",3,no,1,6,2.4,4,no,N/A,placebo,N/A,1.9,Yes,No,80,69,58,10,5,5,NA,0,91,91,0.974766,4.57449,0.077823,3.932098,NA,NA
98,53,4,16-Sep-15,39.82,White,1.78,94,29.6,Procurement,18,A levels/ City & Guilds/ EN(G)/ ONC/ NNEB/ BTech (day release)/ NVQ3/ Advanced GNVQ/OND/HNC,-0.09,yes,2,7,yes,4,135,three - six times a week,"Gym, cardio",3,no,2,8,3.7,0,no,N/A,placebo,N/A,5.3,Yes,No,84,60,51,17,15,10,NA,0,83,83,0.863249,4.298779,0.058211,15.102445,NA,NA
99,54,2,27-Jul-15,31.03,White,1.77,83.91,26.8,Gas engineer,21,A levels/ City & Guilds/ EN(G)/ ONC/ NNEB/ BTech (day release)/ NVQ3/ Advanced GNVQ/OND/HNC,-0.11,yes,1,2,yes,6,185,once a month,Weight training,0.2,never,3,4,3.3,1,no,N/A,placebo,IVF,3.8,Yes,Yes,26,54,47,4,0,30,46.55,5,105,110,0.701961,4.130677,0.139145,17.111427,NA,NA
100,54,4,16-Oct-15,31.25,White,1.78,85,26.8,Gas engineer,20,A levels/ City & Guilds/ EN(G)/ ONC/ NNEB/ BTech (day release)/ NVQ3/ Advanced GNVQ/OND/HNC,-0.72,no,N/A,N/A,yes,6,185,one - two times a week,Weights and walking,4,never,3,3,3,0,no,N/A,placebo,IVF,3,Yes,No,18,59,48,10,15,NA,37.2,0,47,47,0.704783,4.141964,0.121888,5.280626,NA,NA
101,55,2,28-Jul-15,31.63,White,1.75,76.2,24.9,Sales manager,14,A levels/ City & Guilds/ EN(G)/ ONC/ NNEB/ BTech (day release)/ NVQ3/ Advanced GNVQ/OND/HNC,-1.09,yes,2,13,yes,7,126,one - two times a week,Running,1,no,4,3.5,3.9,2,no,N/A,treatment,IVF-ICSI,2.1,Yes,Yes,4,60,45,2,5,35,41.11,0,98,98,0.865389,4.166714,0.360389,8.449686,0.151787,1.28476
102,55,4,28-Sep-15,31.8,White,1.75,77.3,25.2,Sales manager,19,A levels/ City & Guilds/ EN(G)/ ONC/ NNEB/ BTech (day release)/ NVQ3/ Advanced GNVQ/OND/HNC,-0.77,yes,1,10,yes,5,150,one - two times a week,Running,3.5,no,3,6,3.9,2,no,N/A,treatment,IVF-ICSI,3,Yes,Yes,8,23,17,4,NA,30,49.77,0,201,201,2.887332,6.710283,0.081711,6.477389,0.092719,0.486073
103,56,2,31-Jul-15,35.79,White,1.85,86,25.1,Engineering manager,22,Degree/ NVQ5,0.38,yes,3,8,yes,3,69,one - two times a week,"Walking, cycling, shooting",3,never,2.5,4.5,3.1,2,no,N/A,treatment,IVF,3.5,No,No,45,70,56,8,0,10,33.76,0,55,55,1.447413,4.133655,0.089939,7.44215,0.05849,16.386065
104,56,4,14-Dec-15,36.16,White,1.85,87,25.4,Engineering manager,23,Degree/ NVQ5,1.49,yes,3,10,yes,5,270,one - two times a week,"Cycling, gym, running",4,never,1.5,4,2.2,0,yes,"Very busy at work, boss slightly unhinged",treatment,IVF,3.9,Yes,Yes,31,60,51,16,15,10,19.2,0,187,187,3.248703,8.058134,0.139764,8.000756,0.109533,16.4093
105,58,2,3-Aug-15,32.26,White,1.91,95.25,26.1,Retail store manager,18,A levels/ City & Guilds/ EN(G)/ ONC/ NNEB/ BTech (day release)/ NVQ3/ Advanced GNVQ/OND/HNC,0.76,yes,2,16,yes,7,108,one - two times a week,"Weights, jogging",2,no,2,2,2,0,no,N/A,treatment,IVF,5.2,Yes,No,43,67,54,6,0,0,23,0,102,102,0.762959,3.33456,0.049303,10.218412,0.033627,27.079632
106,58,4,6-Nov-15,32.52,White,1.91,97,26.5,Retail store manager,18,A levels/ City & Guilds/ EN(G)/ ONC/ NNEB/ BTech (day release)/ NVQ3/ Advanced GNVQ/OND/HNC,-0.36,yes,3,18,yes,7,108,one - two times a week,"Walking, weights, active at work",12,no,0,4,1.1,0,yes,Work,treatment,IVF,5.7,Yes,No,42,65,54,14,15,15,26.46,0,232,232,2.174978,6.12364,0.030799,9.108688,0.070195,26.140756
107,59,2,27-Aug-15,42.64,White,1.81,110,33.5,Company director,16,A levels/ City & Guilds/ EN(G)/ ONC/ NNEB/ BTech (day release)/ NVQ3/ Advanced GNVQ/OND/HNC,-0.15,yes,3,20,yes,5,154,three - six times a week,CV,1.5,no,4,4,4,0,no,N/A,treatment,IVF,2,Yes,Yes,38,46,39,9,27,5,23.52,0,107,107,0.881496,4.865497,0.129033,8.466151,NA,NA
108,59,4,14-Oct-15,42.77,White,1.81,110,33.5,Company director,16,"O levels/ Matric/ GCSE grade A,B,C/ RSA secretarial/ NVQ2/Intermediate GNVQ",-1.12,yes,3,20,yes,4,62,one - two times a week,CV,2,no,4,4,4,0,no,N/A,treatment,IVF,2.1,Yes,Yes,51,42,34,15,15,15,31.84,0,104,104,0.91518,4.951961,0.292621,8.44249,NA,NA
109,60,2,27-Aug-15,40.64,White,1.8,75,23.1,Electronics engineer,31,Degree/ NVQ5,-0.45,no,N/A,N/A,yes,7,300,daily,Cycling,2.5,never,1,1,1,0,no,N/A,treatment,IVF,3,Yes,No,38,55,49,7,2,5,32.51,6,113,119,0.752044,4.658052,0.066517,19.138163,0.124262,11.553836
110,60,4,16-Oct-15,40.77,White,1.81,78,23.8,Electronics engineer,30,Degree/ NVQ5,0.8,no,N/A,N/A,yes,5,60,three - six times a week,Cycling,10,never,2,6,3.1,0,no,N/A,treatment,IVF,2.9,Yes,No,48,50,37,14,15,5,38.31,0,211,211,2.65488,7.250404,0.035041,21.241768,0.043588,25.029193
111,61,2,17-Aug-15,38.23,White,1.73,80,26.7,Production planner,24,Degree/ NVQ5,-0.55,no,N/A,N/A,yes,7,338,three - six times a week,Gym,10,no,1,3,1.6,0,no,N/A,placebo,IVF,3.6,Yes,Yes,49,58,45,8,5,15,24.81,0,66,66,3.043856,7.758276,0.022602,18.494572,0.077199,27.662452
112,61,4,12-Oct-15,38.39,White,1.73,79,26.3,Planner,25,Degree/ NVQ5,-0.67,no,N/A,N/A,yes,6,432,three - six times a week,"Gym/weights, cardio",8,no,1,3,1.6,0,no,N/A,placebo,IVF,5.6,Yes,Yes,63,44,34,4,15,NA,32.23,0,69,69,1.780346,6.579424,0.089545,10.420186,0.116762,19.733525
113,62,2,19-Aug-15,35.33,White,1.74,80,26.4,Civil servant,23,A levels/ City & Guilds/ EN(G)/ ONC/ NNEB/ BTech (day release)/ NVQ3/ Advanced GNVQ/OND/HNC,1.55,yes,2,6,yes,4,150,daily,Jogging and dog walking,6,never,1.5,5,2.5,2,yes,"Work, IVF prep",placebo,IVF,2.6,Yes,Yes,94,49,41,10,3,20,34.02,0,86,86,1.269708,4.443979,0.096392,9.83408,0.053029,32.126648
114,62,4,2-Oct-15,35.46,White,1.74,79,26,Senior civil servant,23,Other,-0.78,yes,2,10,yes,7,172,daily,Walking and jogging,6,never,3.5,6,4.2,1,no,N/A,placebo,IVF,2.5,Yes,Yes,86,51,46,12,40,30,17.95,0,114,114,0.990804,4.446703,0.066119,23.095295,0.052572,28.236754
115,63,2,24-Aug-15,35.18,White,1.76,84.6,27.3,Recruitment consultant,21,Degree/ NVQ5,-0.79,yes,1,1,yes,7,162,once every two weeks,Walking,5,never,2,6,3.1,0,no,N/A,placebo,IVF,3.5,Yes,Yes,43,56,46,11,3,20,19.57,0,82,82,1.035301,6.292667,0.161534,19.776124,0.029987,23.24028
116,63,4,12-Oct-15,35.31,White,1.76,87.9,28.3,Recruitment consultant,21,Degree/ NVQ5,0.42,yes,1,1,yes,7,108,once every two weeks,"Walking, running, gardening",6,never,2,5,2.9,0,no,N/A,placebo,IVF,4.7,Yes,Yes,41,62,54,15,15,NA,27.79,5,82,87,1.279395,5.955482,0.082334,4.472677,0.030931,27.913747
117,64,2,28-Aug-15,39.06,White,1.87,76,21.7,Design engineer,22,Degree/ NVQ5,1.52,yes,1,4,yes,7,217,three - six times a week,Running/gym,5,never,2,6,3.1,18,no,N/A,treatment,IVF,2.8,Yes,Yes,113,59,55,13,6,10,17.62,0,82,82,1.425989,6.957829,0.197282,7.027227,NA,NA
118,64,4,14-Dec-15,39.35,White,1.85,77,22.4,Design engineer,22,Degree/ NVQ5,1.41,yes,2,10,yes,7,234,three - six times a week,"Running, gym, pilates",8,never,1,2,1.3,0,yes,Work related,treatment,IVF,1.8,Yes,Yes,88,53,47,21,15,40,37.69,0,217,217,3.716421,9.202517,0.082462,13.80045,NA,NA
119,65,2,3-Sep-15,41.86,White,1.85,86,25.1,IT manager,18,A levels/ City & Guilds/ EN(G)/ ONC/ NNEB/ BTech (day release)/ NVQ3/ Advanced GNVQ/OND/HNC,-0.43,yes,1,4,yes,7,162,three - six times a week,"Gym, walking",4,no,3,8,4.4,0,no,N/A,treatment,IVF-ICSI,0.9,Yes,Yes,10,14,2,7,NA,60,42.7,0,66,66,1.316719,5.736756,0.057938,12.398558,0.049884,0.601197
120,65,4,30-Oct-15,42.02,White,1.85,86,25.1,IT manager,18,A levels/ City & Guilds/ EN(G)/ ONC/ NNEB/ BTech (day release)/ NVQ3/ Advanced GNVQ/OND/HNC,0.56,yes,2,3,yes,7,108,three - six times a week,Gym,3.5,no,0.5,4,1.5,0,no,N/A,treatment,IVF-ICSI,2.4,Yes,Yes,10,17,5,4,NA,50,41.02,0,178,178,3.153064,8.010485,0.052642,8.980084,0.07159,0.556763
121,66,2,9-Sep-15,30.9,White,1.78,79.7,25.1,Website content manager,25,Degree/ NVQ5,0.71,yes,3,8,yes,7,342,daily,"Swimming, rowing, walking",5,no,1.5,10,3.9,6,no,N/A,placebo,IVF,1.9,Yes,Yes,113,50,36,6,8,60,25.14,0,125,125,0.878853,5.120378,0.037472,10.277216,NA,NA
122,66,4,23-Oct-15,31.02,White,1.78,79,24.9,Web content manager,25,Degree/ NVQ5,-0.31,yes,3,5,yes,6,234,three - six times a week,"swim, walk dog, row",25,no,1.5,3,1.9,0,no,N/A,placebo,IVF,2.6,Yes,Yes,75,54,46,11,15,30,24.68,0,92,92,0.781123,4.89483,0.055478,10.292098,NA,NA
123,67,2,9-Sep-15,39.46,Bangladeshi,1.63,65,24.4,Bank manager,29,Degree/ NVQ5,-0.64,no,N/A,N/A,yes,3,18,three - six times a week,Jogging and weight lifting,10,never,2.3,2.3,2.3,0,yes,Work pressure,placebo,IVF,1.9,Yes,No,47,46,38,13,1,5,25.87,0,29,29,0.741877,4.19267,0.134326,8.124123,NA,NA
124,67,4,26-Oct-15,39.58,Bangladeshi,1.63,68.6,25.8,Bank manager,28,Degree/ NVQ5,0.51,no,N/A,N/A,yes,4,24,one - two times a week,General exercise with few weight lifting,6.5,never,2,2,2,0,yes,Workload,placebo,IVF,1,Yes,No,81,49,39,14,15,10,28.65,0,20,20,0.749504,5.105109,0.150913,6.875196,NA,NA
125,68,2,14-Sep-15,40.32,White,1.78,73.2,23.1,Builder,16,None,-0.72,yes,2,10,yes,7,540,daily,Walking/cycling,10,no,11,5,9.3,0,no,N/A,treatment,IVF,3.4,Yes,Yes,16,61,45,4,42,10,33.63,0,78,78,0.973658,3.540639,0.110028,15.128464,NA,NA
126,68,4,9-Nov-15,40.47,White,1.74,72,23.7,Builder,16,None,-0.2,yes,2,22,yes,7,432,daily,Walking,2,no,8,8,8,0,no,N/A,treatment,IVF,3.2,Yes,No,42,59,47,6,15,5,31.83,0,211,211,2.435538,6.241521,0.079776,6.488383,NA,NA
127,69,2,18-Sep-15,35.1,White,1.79,87,27.1,HM Forces/Army/Electronic engineer,16,Degree/ NVQ5,1.23,yes,2,10,yes,7,540,three - six times a week,Various,8,never,5,10,6.4,2,yes,Moving Unit (army),treatment,IVF,1.9,Yes,Yes,26,59,47,1,8,5,18.89,0,104,104,0.96785,4.994716,0.056437,7.441428,NA,NA
128,69,4,18-Nov-15,35.27,White,1.78,90,28.4,Art electronic HM Army,27,Degree/ NVQ5,-0.81,yes,1,8,yes,7,702,three - six times a week,Cardio,10,never,7,6,6.7,0,yes,Work - just relocated,treatment,IVF,3,Yes,Yes,58,49,37,4,15,10,36.5,0,232,232,2.63395,7.305182,0.168316,4.05719,NA,NA
129,70,2,21-Sep-15,36.58,White,1.96,114,29.6,Civil engineer,16,A levels/ City & Guilds/ EN(G)/ ONC/ NNEB/ BTech (day release)/ NVQ3/ Advanced GNVQ/OND/HNC,-1.2,no,N/A,N/A,yes,7,324,one - two times a week,Golf/football,4,no,8,8,8,0,no,N/A,placebo,IVF-ICSI,2.6,Yes,No,33,66,50,4,57,10,17.27,0,64,64,0.852301,3.123634,0.223419,4.536129,NA,NA
130,70,4,9-Nov-15,36.72,White,1.93,114,30.6,Civil engineer,16,A levels/ City & Guilds/ EN(G)/ ONC/ NNEB/ BTech (day release)/ NVQ3/ Advanced GNVQ/OND/HNC,-1.33,no,N/A,N/A,yes,7,216,one - two times a week,"Golf, walking",4,no,11,10,10.7,0,no,N/A,placebo,IVF-ICSI,3.7,Yes,No,15,33,18,1,50,10,26.85,7,35,42,0.934282,3.122075,0.104116,3.425278,NA,NA
131,151,2,19-Feb-14,24.38,White,1.76,100.03,32.29,Ceiling fixer,16, GCSE grade D or lower/ NVQNone/ Foundation GNVQ,0.74,yes,2,10,yes,7,72,daily,Walking/gym,9,no,1,2,1.3,0,no,N/A,treatment,IVF-ICSI,2.7,Yes,No,NA,NA,NA,NA,NA,NA,NA,0,42,42,1.174675,4.307647,0.090795,3.334718,NA,NA
132,151,4,4-Apr-14,24.5,White,1.76,100.03,32.29,Ceiling fixer,16,None,0.05,yes,1,4,yes,5,62,daily,"Walking, running, gym",10,no,4,8,5.1,1,yes,Work/worry,treatment,IVF-ICSI,3.3,Yes,Yes,NA,NA,NA,NA,NA,NA,NA,0,64,64,2.305912,6.213568,0.247684,9.157974,NA,NA
133,152,2,12-Mar-14,40.95,White,1.83,116.05,34.64,Mortgage adviser,24,Degree/ NVQ5,-0.44,no,N/A,N/A,yes,7,222,once a month,Walking,1,never,7,5,6.4,0,no,N/A,placebo,IVF-ICSI,4.9,Yes,No,2,65,60,NA,NA,NA,NA,0,19,19,0.772248,4.217062,0.106151,8.780521,0.117271,6.797351
134,152,4,7-May-14,41.1,White,1.83,116.05,34.64,Mortgage adviser,24,Other,1.33,no,N/A,N/A,yes,7,426,once every two weeks,Walking,1,never,2,4,2.6,0,no,N/A,placebo,IVF-ICSI,4.5,Yes,No,0.8,75,63,NA,NA,0,NA,0,42,42,0.690684,3.84817,0.051109,2.290304,0.08071,1.335393
135,153,2,28-Feb-14,37.82,White,1.83,73.5,21.95,Design engineer,22,Degree/ NVQ5,1.1,yes,1,2,no,N/A,N/A,one - two times a week,Walking/golf/squash,5,never,0.3,4,1.4,0,no,N/A,placebo,IVF-ICSI,6.1,Yes,Yes,18,59,41,6,89,5,NA,0,97,97,1.384311,5.177713,0.091032,2.149423,0.063564,17.702781
136,153,4,11-Apr-14,37.93,White,1.87,72,20.59,Design engineer,22,Degree/ NVQ5,1.1,yes,1,2,no,N/A,N/A,three - six times a week,"Walking, squash, golf",5,never,0.5,3,1.2,0,no,N/A,placebo,IVF-ICSI,6.1,Yes,Yes,27,51,43,4,NA,30,NA,6,72,78,1.225183,5.609861,0.242505,3.820867,0.059097,17.719453
137,156,2,7-Mar-14,29.11,White,1.81,113.6,34.68,Process Operator,17,None,-0.5,yes,1,6,yes,5,119,three - six times a week,Running/football,5,never,12,8,10.9,0,no,N/A,treatment,IVF-ICSI,2.6,Yes,Yes,15,21,5,10,NA,15,NA,0,24,24,1.244738,5.622427,0.287851,5.287795,0.144648,2.02257
138,156,4,23-Jun-14,29.41,White,1.81,113.6,34.68,Process operator/oil refinery,17,None,-0.45,yes,1,8,yes,4,62,three - six times a week,"Football, running",8,never,12,12,12,0,no,N/A,treatment,IVF-ICSI,3.1,Yes,No,45,51,42,11,40,30,NA,0,78,78,2.528456,7.73776,0.209641,10.24533,0.109448,29.00185
139,159,2,17-Apr-14,31.44,White,1.78,81.7,25.79,Teacher,21,Degree/ NVQ5,-0.29,yes,1,6,yes,5,82,three - six times a week,sport,7,no,3,8,4.4,0,yes,School OFSTED,treatment,IVF,2.2,Yes,No,18,53,43,11,1,0,NA,0,46,46,0.812684,3.611205,0.101614,5.978245,NA,NA
140,159,4,20-Jun-14,31.61,White,1.78,81.7,25.79,Teacher,21,Degree/ NVQ5,-0.8,yes,1,6,yes,6,82,one - two times a week,Sport (football),3,no,1.5,6,2.8,3,yes,"Wedding, IVF",treatment,IVF,2,Yes,No,33,55,49,9,15,NA,NA,0,64,64,2.266584,6.113983,0.241061,5.406213,NA,NA
141,160,2,7-May-14,30.47,White,1.74,78,25.76,Engineer,18,Degree/ NVQ5,-0.77,yes,2,5,yes,7,194,one - two times a week,Running - cardio,4,no,1,3,1.6,0,no,N/A,placebo,IVF-ICSI,1.6,Yes,No,1,7,7,NA,NA,NA,NA,0,67,67,0.734508,4.471566,0.314306,10.856887,NA,NA
142,160,4,20-Jun-14,30.59,White,1.75,78,25.47,"Chief petty officer, royal navy",16,Degree/ NVQ5,-0.98,yes,1,10,yes,4,84,one - two times a week,Cardiovascular,3,no,3,4,3.3,0,no,N/A,placebo,IVF-ICSI,1.5,Yes,No,NA,NA,NA,NA,NA,NA,NA,5,65,70,0.783362,3.959891,0.047004,5.155492,NA,NA
143,161,2,12-May-14,34.23,White,1.81,94.2,28.75,Technical services manager,23,Degree/ NVQ5,0.26,yes,2,8,yes,2,41,one - two times a week,"Running, resistence training",1.5,no,1.5,2,1.6,0,no,N/A,treatment,IVF-ICSI,4.5,Yes,No,23,63,57,9,92,5,NA,0,51,51,0.612099,3.562904,0.078968,9.512848,0.091066,12.045153
144,161,4,6-Aug-14,34.47,White,1.8,90.72,28,Technical services manager,23,Degree/ NVQ5,1.22,no,N/A,N/A,yes,1,10,daily,"Walking, cycling to work",5,no,1,2,1.3,0,yes,IVF,treatment,IVF-ICSI,3.9,Yes,No,8,58,32,6,50,NA,NA,0,69,69,2.405784,7.83987,0.14089,9.190269,0.053788,3.474254
145,162,2,10-Jul-14,33.31,White,1.84,98.4,29.05,Licensed taxi driver,18,A levels/ City & Guilds/ EN(G)/ ONC/ NNEB/ BTech (day release)/ NVQ3/ Advanced GNVQ/OND/HNC,-0.59,yes,1,4,no,N/A,N/A,daily,Walking dog,7,never,4,2,3.4,0,no,N/A,placebo,Both,3.8,Yes,No,17,52,43,9,12,5,NA,0,79,79,1.147702,4.520561,0.092606,9.035345,0.146528,19.40564
146,162,4,31-Oct-14,33.62,White,1.85,97.1,28.3,Taxi driver,17, GCSE grade D or lower/ NVQNone/ Foundation GNVQ,-0.33,yes,3,20,no,N/A,N/A,three - six times a week,walking,5,never,2,1,1.7,0,no,N/A,placebo,Both,2.8,Yes,Yes,29,55,45,9,NA,NA,NA,0,76,76,0.778224,3.900906,0.043357,10.17288,0.067487,13.692928
147,163,2,10-Jul-14,38.6,White,1.7,64,22.15,University tutor,27,Other,0.32,yes,3,10,yes,7,142,daily,Walking,5,never,1.5,3,1.9,3,yes,Urgent deadline - working long hours,placebo,IVF-ICSI,1.8,Yes,No,3,27,12,NA,NA,0,NA,0,51,51,NA,NA,0.036519,6.155542,NA,NA
148,163,4,22-Aug-14,38.72,White,1.73,64,21.38,University support tutor,21,Other,0.47,yes,2,10,yes,7,234,one - two times a week,"Walking, rowing machine",7,never,2,4,2.6,3,no,N/A,placebo,IVF-ICSI,2,Yes,No,6,13,13,NA,NA,NA,NA,0,57,57,0.930034,6.908052,0.083454,7.314609,NA,NA
149,164,2,25-Jul-14,37.9,White,1.65,76,27.9,Graphic designer - computer based,20,Degree/ NVQ5,0.23,yes,2,8,yes,7,324,one - two times a week,"Gym, jogging",3,no,1.6,4.5,2.4,20,no,N/A,placebo,IVF-ICSI,2.3,Yes,Yes,5,45,33,7,NA,0,NA,0,87,87,1.181687,6.679579,0.078269,6.631761,NA,NA
150,164,4,8-Sep-14,38.02,White,1.68,79,27.99,Illustrator,24,Degree/ NVQ5,0.9,yes,2,8,yes,7,216,one - two times a week,"Running, gym",1.5,no,30,2,22,1,no,N/A,placebo,IVF-ICSI,2.6,Yes,Yes,6,38,26,9,NA,NA,NA,0,82,82,1.125815,6.150672,0.074461,7.525899,NA,NA
151,165,2,29-Aug-14,32.96,White,1.79,82,25.59,Plumber,23,HND/ RGN/ Teaching Cert/ NVQ4,-0.04,yes,3,10,yes,4,42,one - two times a week,"Walking, jogging",5,never,2,4,2.6,0,no,N/A,treatment,IVF,6.6,Yes,Yes,34,43,38,12,7,30,NA,0,72,72,0.849924,4.683566,0.046169,6.906114,0.086573,14.416592
152,165,4,21-Nov-14,33.19,White,1.79,81.7,25.4,Plumber,22,HND/ RGN/ Teaching Cert/ NVQ4,-0.92,yes,2,10,yes,7,84,daily,Walking,10,never,12,8,10.9,0,no,N/A,treatment,IVF,6.4,Yes,Yes,38,60,49,15,15,NA,NA,0,71,71,2.350298,7.699718,0.121558,9.445149,0.082196,2.256366
153,166,2,15-Sep-14,30.35,White,1.71,89.8,30.71,Driver,27,Degree/ NVQ5,0.48,yes,5,20,yes,6,450,three - six times a week,"Walking, lifting, some jogging",8,no,2,0.5,1.6,0,yes,"Family illness, career decision",placebo,IVF-ICSI,2.5,Yes,No,45,63,7,9,90,50,NA,0,39,39,0.727658,4.307802,0.083042,9.242643,NA,NA
154,166,4,12-Nov-14,30.51,White,1.75,86.2,28.1,Driver,27,Degree/ NVQ5,1.76,yes,2,16,yes,5,270,once every two weeks,"Jogging, lifting",1,no,4,1,3.1,0,yes,new job,placebo,IVF-ICSI,4.3,Yes,No,47,37,9,21,40,70,NA,0,26,26,0.697294,4.399645,0.056283,9.67952,NA,NA
155,167,2,29-Sep-14,28.45,White,1.8,77,23.7,Support worker,16,"O levels/ Matric/ GCSE grade A,B,C/ RSA secretarial/ NVQ2/Intermediate GNVQ",-0.78,yes,5,10,yes,7,443,one - two times a week,"Football, walking",2,no,12,5,10,0,yes,work related,treatment,IVF-ICSI,3.9,Yes,No,6,20,7,4,NA,NA,NA,0,61,61,0.717385,3.664381,0.055132,10.908527,0.047529,9.124857
156,167,4,24-Nov-14,28.61,White,1.8,78.02,24,Support worker,16, GCSE grade D or lower/ NVQNone/ Foundation GNVQ,-0.28,yes,2,4,yes,2,23,three - six times a week,"Sport, walking",7,no,8,4,6.9,0,no,N/A,treatment,IVF-ICSI,3.5,Yes,No,7,29,12,1,NA,NA,NA,0,56,56,2.499993,7.01683,0.210591,10.461046,0.062684,5.723998
157,168,2,27-Oct-14,33.57,White,1.71,76.6,26.1,Construction director,16, GCSE grade D or lower/ NVQNone/ Foundation GNVQ,-0.59,yes,1,4,yes,1,108,one - two times a week,gym,1,no,2,6,3.1,0,yes,Job,placebo,IVF,0.9,Yes,No,62,74,69,8,0,30,NA,NA,NA,NA,0.918255,3.602359,0.08378,7.865533,NA,NA
158,168,4,14-Jan-15,33.79,White,1.72,79.9,27,Construction director,17, GCSE grade D or lower/ NVQNone/ Foundation GNVQ,-1.58,yes,2,15,yes,5,77,once every two weeks,"Walking, running",1,no,8,12,9.1,0,yes,Job,placebo,IVF,0.7,Yes,No,128,63,59,7,15,5,NA,0,39,39,0.838627,3.539746,0.054122,6.858489,NA,NA
159,169,2,12-Nov-14,35.7,White,1.8,82.55,25.4,Gas engineer,15,A levels/ City & Guilds/ EN(G)/ ONC/ NNEB/ BTech (day release)/ NVQ3/ Advanced GNVQ/OND/HNC,0.46,yes,1,14,yes,7,375,three - six times a week,"Weights, cardio",5,no,8,6,7.4,0,yes,Sale of house and buying new,placebo,N/A,5.8,Yes,No,13,53,34,4,1,0,NA,0,78,78,0.998832,4.343401,0.057851,11.647824,0.090533,3.50067
160,169,4,16-Jan-15,Missing,Missing,Missing,Missing,Missing,Missing,Missing,Missing,Missing,Missing,Missing,Missing,Missing,Missing,Missing,Missing,Missing,Missing,Missing,Missing,Missing,Missing,Missing,Missing,,placebo,N/A,4.4,Yes,No,41,46,32,4,1,15,NA,NA,NA,NA,NA,NA,0.143535,8.702012,0.105494,13.260942
161,170,2,22-Dec-14,33.66,White,1.66,67.6,24.5,Landscape gardener,18,A levels/ City & Guilds/ EN(G)/ ONC/ NNEB/ BTech (day release)/ NVQ3/ Advanced GNVQ/OND/HNC,-0.82,no,N/A,N/A,yes,5,150,one - two times a week,"Running, walking",4,never,5,5,5,0,no,N/A,treatment,IVF-ICSI,3.1,Yes,No,5,41,30,NA,NA,NA,NA,0,68,68,1.217436,6.092409,0.152297,7.504794,0.08227,3.176911
162,170,4,18-Feb-15,33.82,White,1.68,69.2,24.5,Landscape gardener,20,A levels/ City & Guilds/ EN(G)/ ONC/ NNEB/ BTech (day release)/ NVQ3/ Advanced GNVQ/OND/HNC,-0.57,no,N/A,N/A,yes,4,48,one - two times a week,"Running, sports",4,never,8,8,8,0,no,N/A,treatment,IVF-ICSI,3.3,Yes,Yes,3,47,29,NA,NA,NA,NA,0,220,220,3.110705,8.513537,0.339214,8.298407,0.08805,2.592821
163,171,2,9-Jan-15,31.47,White,1.76,83.9,27,Colour sergeant army,16,A levels/ City & Guilds/ EN(G)/ ONC/ NNEB/ BTech (day release)/ NVQ3/ Advanced GNVQ/OND/HNC,-0.26,yes,1,20,yes,2,21,three - six times a week,Running and cycling,10,no,3,3,3,0,no,N/A,treatment,IVF-ICSI,7.7,Yes,No,10,45,35,8,NA,0,NA,0,53,53,0.820153,3.806417,0.090061,5.713915,0.090381,15.22189
164,171,4,2-Mar-15,31.61,White,1.76,84.8,27.3,Colour Seargent Army,16, GCSE grade D or lower/ NVQNone/ Foundation GNVQ,-0.3,yes,2,20,yes,5,231,three - six times a week,"Running, cycling",12,no,8,2,6.3,0,no,N/A,treatment,IVF-ICSI,5.7,Yes,No,10,39,32,6,15,0,NA,0,134,134,2.045287,6.137313,0.121522,6.214616,0.097538,2.097291
165,172,2,9-Feb-15,39.14,White,1.92,120,32.6,Production engineer,16,Degree/ NVQ5,0.04,yes,2,9,yes,7,540,daily,Dog walking and cycling,6,no,0.5,4,1.5,0,no,N/A,treatment,N/A,3,Yes,No,41,50,33,4,40,5,32.36,0,45,45,1.080783,4.521078,0.073509,6.349811,0.026772,9.877803
166,172,4,30-Mar-15,39.27,White,1.92,120,32.5,Production engineer,16,Degree/ NVQ5,0.68,yes,1,3,yes,7,540,three - six times a week,Walking,2,no,4,4,4,0,no,N/A,treatment,N/A,2.5,Yes,No,53,37,27,3,15,30,32.19,0,106,106,1.250357,5.399473,0.075108,6.357506,0.066126,0.807643
167,173,2,24-Feb-15,47.24,White,1.75,83,27.1,Van sales representative,16,A levels/ City & Guilds/ EN(G)/ ONC/ NNEB/ BTech (day release)/ NVQ3/ Advanced GNVQ/OND/HNC,-0.12,yes,3,3,yes,7,225,three - six times a week,Manual labour and walking,40,never,8,6,7.4,0,no,N/A,placebo,IVF-ICSI,3.4,Yes,Yes,16,34,14,5,NA,40,48.17,0,29,29,1.063301,3.168783,0.050052,11.819632,NA,NA
168,173,4,20-Apr-15,47.39,White,1.78,87.3,27.5,Van sales representative,16,A levels/ City & Guilds/ EN(G)/ ONC/ NNEB/ BTech (day release)/ NVQ3/ Advanced GNVQ/OND/HNC,-0.57,yes,2,2,yes,7,150,one - two times a week,Walking,2,never,10,6,8.9,0,no,N/A,placebo,IVF-ICSI,3.9,Yes,Yes,12,29,5,2,NA,70,33.47,6,76,82,1.148649,3.659142,0.162153,8.494109,NA,NA
169,174,2,3-Mar-15,33.76,White,1.89,90,25.2,Solicitor,22,Other,0.97,yes,1,2,yes,7,216,three - six times a week,Gym and badminton,3,never,0.5,2,0.9,0,no,N/A,treatment,IVF-ICSI,2.2,Yes,No,12,41,25,7,NA,5,46.15,0,97,97,2.165979,7.371308,0.1478,8.81893,NA,NA
170,174,4,14-Aug-15,34.21,White,1.88,92,26,Solicitor,23,Degree/ NVQ5,-1.16,yes,1,1,yes,7,216,three - six times a week,"Cycling, gym, badminton and walking",6,never,1,2.5,1.4,2,no,N/A,treatment,IVF-ICSI,2.7,Yes,No,3,25,19,NA,NA,NA,31.32,0,207,207,4.216236,9.231473,0.256413,7.944967,NA,NA
171,175,2,5-Mar-15,43.07,White,1.78,67,21.1,Financial advisor,16,Other,-0.84,yes,3,8,yes,7,154,three - six times a week,Golf,1,never,2,3,2.3,0,yes,Work process changes and very challenging,treatment,IVF-ICSI,1.4,Yes,No,24,52,44,6,0,5,NA,0,32,32,0.609733,4.75852,0.087045,6.052474,NA,NA
172,175,4,8-May-15,43.25,White,1.78,65.77,20.7,Financial advice,16,Other,-1.27,yes,3,6,yes,7,213,once a month,Golf,3,never,2,6,3.1,0,no,N/A,treatment,IVF-ICSI,1.4,Yes,No,5,50,35,2,NA,NA,34.88,0,180,180,2.53904,7.502286,0.295184,6.795482,NA,NA
173,176,2,6-Mar-15,37.39,White,1.82,81,24.5,Retail store manager in telecommunications,17,A levels/ City & Guilds/ EN(G)/ ONC/ NNEB/ BTech (day release)/ NVQ3/ Advanced GNVQ/OND/HNC,0.18,yes,1,2,yes,7,108,one - two times a week,"Walking, climbing stairs",2,no,2,3,2.3,0,no,N/A,placebo,IVF-ICSI,3.8,Yes,No,0.1,34,24,NA,NA,NA,NA,0,46,46,0.881502,5.287665,0.100762,4.109029,NA,NA
174,176,4,15-Apr-15,37.5,White,1.8,80.8,24.9,Retail store manager,17,A levels/ City & Guilds/ EN(G)/ ONC/ NNEB/ BTech (day release)/ NVQ3/ Advanced GNVQ/OND/HNC,-0.11,yes,1,5,yes,7,108,once every two weeks,Walking,2,no,4,2,3.4,0,no,N/A,placebo,IVF-ICSI,4,Yes,Yes,NA,27,18,NA,NA,NA,NA,0,49,49,0.799208,5.361239,0.083093,3.675494,NA,NA
175,177,2,14-Apr-15,33.26,White,1.91,114,31.2,Plumber,19,A levels/ City & Guilds/ EN(G)/ ONC/ NNEB/ BTech (day release)/ NVQ3/ Advanced GNVQ/OND/HNC,1.06,yes,2,14,yes,7,342,one - two times a week,Running,0.6,no,2,2,2,0,yes,Work - lots to do and not enough plumbers,treatment,IVF-ICSI,1.4,Yes,Yes,1.4,39,29,NA,NA,NA,33.73,5,71,76,1.058435,6.150018,0.108095,4.471394,NA,NA
176,177,4,5-Jun-15,33.41,White,1.91,116.6,32,Plumber,18,A levels/ City & Guilds/ EN(G)/ ONC/ NNEB/ BTech (day release)/ NVQ3/ Advanced GNVQ/OND/HNC,-1.27,yes,2,14,yes,7,342,one - two times a week,"Walking, running",1,no,1,2,1.3,0,no,N/A,treatment,IVF-ICSI,1.7,Yes,Yes,2,54,31,NA,NA,5,37.38,0,181,181,1.702168,4.884442,0.099199,3.808027,NA,NA
177,178,2,8-Jun-15,34.67,White,1.78,95,30.13,Teacher,22,Degree/ NVQ5,-0.47,yes,4,35,yes,7,216,one - two times a week,Moderate jogging,1,never,2.5,5,3.2,0,yes,Work commitments - busy period,placebo,IVF-ICSI,4.3,Yes,Yes,9,57,39,3,NA,30,35.32,0,54,54,1.163628,2.960251,0.151277,4.956306,0.048116,5.809736
178,178,4,17-Aug-15,34.87,White,1.78,95,30,Teacher,22,Other,0.95,yes,3,30,yes,5,77,three - six times a week,Sport,2,never,1.5,2,1.6,0,no,N/A,placebo,IVF-ICSI,7,Yes,No,6,21,5,4,NA,NA,NA,0,76,76,0.944657,2.90043,0.199607,6.592382,0.089492,0.649533
179,179,2,24-Jun-15,44.32,White,1.68,80,28.3,Engineer,16,Degree/ NVQ5,1.61,yes,1,3,yes,7,648,three - six times a week,Gym and swimming,6,no,9,8,8.7,3,no,N/A,placebo,IVF-ICSI,2.6,Yes,No,8,34,25,3,NA,20,53.64,0,128,128,0.708203,2.473504,0.095466,5.487538,0.123294,10.086713
180,179,4,2-Sep-15,44.51,White,1.7,79.4,27.4,Engineer,16,A levels/ City & Guilds/ EN(G)/ ONC/ NNEB/ BTech (day release)/ NVQ3/ Advanced GNVQ/OND/HNC,1.61,yes,1,2,yes,7,990,one - two times a week,Gym,2,no,12,8,10.9,0,yes,Workload,placebo,IVF-ICSI,3.3,Yes,No,5,17,7,10,NA,NA,23.5,0,122,122,0.741761,3.134945,0.049129,6.247687,0.085514,5.113065
181,180,2,2-Jul-15,25.84,White,1.8,89,25.1,Carpenter,17,"O levels/ Matric/ GCSE grade A,B,C/ RSA secretarial/ NVQ2/Intermediate GNVQ",3.54,yes,2,8,yes,7,42,three - six times a week,"Football, gym",4,never,7,12,8.4,0,no,N/A,treatment,IVF,5.1,Yes,No,27,66,56,6,48,20,25.07,0,85,85,0.961596,4.347439,0.043742,5.147259,0.060693,30.067808
182,180,4,25-Sep-15,26.07,White,1.8,89,25.1,Carpenter,17,"O levels/ Matric/ GCSE grade A,B,C/ RSA secretarial/ NVQ2/Intermediate GNVQ",2.88,yes,1,4,yes,2,12,three - six times a week,"Football, running",3.5,never,10,6,8.9,0,no,N/A,treatment,IVF,3.9,Yes,Yes,40,80,74,4,NA,NA,33,0,182,182,2.06851,6.217227,0.063603,5.734328,0.070795,16.977702
183,181,2,3-Jul-15,43.5,White,1.81,83,25.3,Business analyst,21,Degree/ NVQ5,0.53,yes,2,6,yes,7,75,one - two times a week,"Swimming, gym",2,never,1,4,1.9,5,no,N/A,treatment,IVF-ICSI,1.4,Yes,No,32,51,43,6,1,5,31.24,0,88,88,0.849723,5.303016,0.157611,7.16281,NA,NA
184,181,4,10-Aug-15,43.6,White,1.83,83,24.8,Business analyst,21,Degree/ NVQ5,0.54,yes,1,4,yes,6,42,one - two times a week,"Swim, gym, bike, walk",2,never,10,5,8.6,5,no,N/A,treatment,IVF-ICSI,3.9,Yes,No,16,13,6,5,NA,NA,28.9,0,159,159,2.240043,6.930388,0.082299,8.425149,NA,NA
185,182,2,6-Jul-15,38.4,White,1.8,90,27.7,Marketing account manager,22,A levels/ City & Guilds/ EN(G)/ ONC/ NNEB/ BTech (day release)/ NVQ3/ Advanced GNVQ/OND/HNC,0.15,yes,3,20,yes,1,13,one - two times a week,Mostly cardio (running/cross trainer),3,never,4,6,4.6,6,yes,work,placebo,IVF,5.1,Yes,Yes,8,53,45,12,13,10,25.38,0,74,74,1.10404,4.22635,0.135148,6.181513,NA,NA
186,182,4,16-Sep-15,38.59,White,1.8,85,26.2,Senior account manager markerting department,21,Degree/ NVQ5,1.6,yes,2,12,yes,1,63,one - two times a week,Mainly cardio (running),3,never,4,8,5.1,2,yes,High workload - busy period,placebo,IVF,6.6,Yes,No,14,62,46,10,15,15,47.25,8,64,72,1.082088,4.375331,0.043107,6.73245,NA,NA
187,183,2,16-Jul-15,34.48,White,1.8,78,24.07,Accountant,24,Degree/ NVQ5,0.19,yes,1,4,no,N/A,N/A,one - two times a week,Gym,3,never,0.3,3,1.1,1,no,N/A,placebo,IVF,5.8,Yes,No,10,54,47,7,2,10,46.83,0,80,80,1.158788,5.997113,0.123856,8.792715,NA,NA
188,183,4,3-Sep-15,34.62,White,1.8,75,23.1,Accountant,24,Degree/ NVQ5,-0.16,yes,1,2,no,N/A,N/A,one - two times a week,Gym,4,never,0.5,2,0.9,1,no,N/A,placebo,IVF,6.2,Yes,Yes,16,53,34,4,15,20,25.32,0,102,102,1.120098,5.882721,0.070216,13.875789,NA,NA
189,184,2,27-Jul-15,27.34,White,1.84,74,21.9,Assembler/calibrator,16,A levels/ City & Guilds/ EN(G)/ ONC/ NNEB/ BTech (day release)/ NVQ3/ Advanced GNVQ/OND/HNC,0.39,no,N/A,N/A,yes,5,137,three - six times a week,"Cardio, weights, football",3,no,2,1,1.7,0,yes,"Work, fiN/Ance, hospital",treatment,IVF-ICSI,3.4,Yes,No,NA,NA,NA,NA,NA,NA,NA,0,65,65,0.928357,4.281536,0.07504,15.512537,NA,NA
190,184,4,25-Sep-15,27.51,White,1.82,74,22.3,Calibrator,16,A levels/ City & Guilds/ EN(G)/ ONC/ NNEB/ BTech (day release)/ NVQ3/ Advanced GNVQ/OND/HNC,-0.27,no,N/A,N/A,yes,7,192,one - two times a week,Sport and cardio,2,no,3,0.5,2.3,0,yes,"Work, etc",treatment,IVF-ICSI,3,Yes,Yes,NA,NA,NA,NA,NA,NA,NA,0,175,175,1.954916,6.221976,0.093184,4.663415,NA,NA
191,185,2,31-Jul-15,32.28,White,1.91,114.3,31.3,Security manager,16,None,-3.71,yes,1,3,yes,5,54,one - two times a week,Walking,10,no,3,5,3.6,0,no,N/A,placebo,IVF-ICSI,2.4,Yes,Yes,28,25,18,6,0,50,12.67,0,82,82,1.421606,5.323294,0.192093,3.828507,NA,NA
192,185,4,18-Sep-15,32.41,White,1.91,132.1,36.2,Security operations support,18,Other,-0.33,no,N/A,N/A,yes,4,43,three - six times a week,"Walking miles at work, gardening",4.5,no,3,7,4.1,0,no,N/A,placebo,IVF-ICSI,2.1,Yes,Yes,37,19,14,10,NA,NA,18.42,5,79,84,1.04515,5.639102,0.116946,4.986022,NA,NA
193,186,2,12-Aug-15,32.77,Chinese,1.81,79,24.1,Lecturer,28,Other,-0.79,yes,6,6,yes,7,162,once every two weeks,"Walking, biking",2.5,never,0.5,2,0.9,0,yes,Writing a research proposal,treatment,IVF-ICSI,2.5,Yes,Yes,2,27,16,NA,NA,10,39.57,0,55,55,0.503215,5.072359,0.025006,6.640494,NA,NA
194,186,4,9-Oct-15,32.93,Chinese,1.81,81,24.7,Lecturer,28,Other,-0.27,yes,2,4,yes,7,162,one - two times a week,Walking/biking,2.5,never,1,2,1.3,1,no,N/A,treatment,IVF-ICSI,1.9,Yes,Yes,8,21,12,1,NA,NA,11.99,0,192,192,1.697771,7.509448,0.066613,9.082568,NA,NA
195,187,2,27-Aug-15,29.82,White,1.83,107.2,32,"Gym owner, scaffolding MD",16,A levels/ City & Guilds/ EN(G)/ ONC/ NNEB/ BTech (day release)/ NVQ3/ Advanced GNVQ/OND/HNC,-1.64,yes,2,24,no,N/A,N/A,daily,Boxing and weight lifting,14,never,6,8,6.6,0,no,N/A,treatment,IVF-ICSI,3.8,Yes,Yes,21,45,35,4,20,10,20.49,0,73,73,0.515869,2.865537,0.064235,9.142258,NA,NA
196,187,4,28-Oct-15,29.98,White,1.85,106.6,31.1,"Scaffolder, gym owner",16,A levels/ City & Guilds/ EN(G)/ ONC/ NNEB/ BTech (day release)/ NVQ3/ Advanced GNVQ/OND/HNC,0.57,yes,2,10,yes,1,15,three - six times a week,Boxing,4,never,5,5,5,0,no,N/A,treatment,IVF-ICSI,4.9,Yes,Yes,52,37,28,8,15,20,18.08,0,173,173,2.172073,6.376295,0.145942,13.05554,NA,NA
197,188,2,10-Aug-15,34.51,Black Carribean,1.94,92.2,24.5,Engineer (Royal navy),32,Degree/ NVQ5,0.57,no,N/A,N/A,no,N/A,N/A,three - six times a week,"Cardio, weights training",8,never,5.5,4,5.1,0,no,N/A,placebo,IVF-ICSI,2.8,Yes,Yes,8,34,22,6,NA,0,35.54,6,99,105,0.63018,6.004578,0.077838,6.951064,NA,NA
198,188,4,27-Nov-15,34.81,Black Carribean,1.96,93.1,24.2,Engineer RN,31,Degree/ NVQ5,0.88,no,N/A,N/A,no,N/A,N/A,one - two times a week,"CV, Basketball",4,never,2,4,2.6,0,yes,Job,placebo,IVF-ICSI,4.5,Yes,Yes,8,19,11,2,NA,NA,22.54,8,110,118,1.235823,6.087849,0.038096,9.096082,NA,NA
199,189,2,11-Sep-15,33.79,White,1.78,84.2,26.5,Quantity surveyor,17,Degree/ NVQ5,0.13,yes,2,10,yes,7,648,three - six times a week,"Weights, running",6,never,1.5,6,2.8,0,no,N/A,treatment,IVF-ICSI,3.5,Yes,No,3,12,6,NA,NA,0,30.2,0,67,67,1.508131,6.188694,0.189865,5.773944,NA,NA
200,189,4,2-Dec-15,34.02,White,1.79,87.2,27.2,Quantity surveyor,18,HND/ RGN/ Teaching Cert/ NVQ4,-1.59,yes,1,6,yes,7,324,daily,CV/weights,7,never,1,4,1.9,0,no,N/A,treatment,IVF-ICSI,2,Yes,Yes,1,17,17,NA,NA,NA,35.55,0,158,158,3.031076,7.885671,0.314834,6.82436,NA,NA
201,190,2,17-Sep-15,27.58,White,1.86,118,34.1,Payroll manager,18,A levels/ City & Guilds/ EN(G)/ ONC/ NNEB/ BTech (day release)/ NVQ3/ Advanced GNVQ/OND/HNC,-0.81,no,N/A,N/A,yes,1,6,three - six times a week,Power lifting,8,never,3,3,3,7,no,N/A,placebo,IVF-ICSI,4.4,Yes,Yes,3,53,37,NA,NA,5,47.84,0,73,73,0.926217,3.350844,0.099335,6.36181,0.032573,9.667637
202,190,4,25-Nov-15,27.77,White,1.85,120,35,Payroll manager,18,A levels/ City & Guilds/ EN(G)/ ONC/ NNEB/ BTech (day release)/ NVQ3/ Advanced GNVQ/OND/HNC,-0.46,no,N/A,N/A,no,N/A,N/A,three - six times a week,Powerlifting,8,never,1,1,1,0,no,N/A,placebo,IVF-ICSI,5.6,Yes,No,2,55,36,NA,NA,NA,41.44,6,44,50,0.977698,3.39666,0.305019,5.516174,0.049645,5.256882
203,191,2,28-Sep-15,25.15,White,1.83,75,22.3,Carpenter,16,A levels/ City & Guilds/ EN(G)/ ONC/ NNEB/ BTech (day release)/ NVQ3/ Advanced GNVQ/OND/HNC,-1.79,no,N/A,N/A,yes,7,102,three - six times a week,Physical job,6,no,3,5,3.6,0,no,N/A,placebo,IVF-ICSI,5.6,Yes,No,4,62,48,NA,NA,0,46.8,0,90,90,0.816315,2.638766,0.049745,8.319318,NA,NA
204,191,4,9-Nov-15,25.26,White,1.82,75.2,22.7,"Carpenter, furniture fitter",16,A levels/ City & Guilds/ EN(G)/ ONC/ NNEB/ BTech (day release)/ NVQ3/ Advanced GNVQ/OND/HNC,-1.77,no,N/A,N/A,yes,6,54,three - six times a week,Physical job,8,no,3,3,3,0,no,N/A,placebo,IVF-ICSI,3.6,Yes,No,4,38,21,NA,NA,NA,31.87,5,66,71,0.822553,2.700569,0.035123,5.658569,NA,NA
